"sourceConceptScheme","sourceConcept","targetConceptScheme","targetConcept","prob","comment"
"ISCO-08_Kantar","110","ISCO-08_ILO","110",1,
"ISCO-08_Kantar","210","ISCO-08_ILO","210",1,
"ISCO-08_Kantar","310","ISCO-08_ILO","310",1,
"ISCO-08_Kantar","1111","ISCO-08_ILO","1111",1,
"ISCO-08_Kantar","1112","ISCO-08_ILO","1112",1,
"ISCO-08_Kantar","1113","ISCO-08_ILO","1113",1,
"ISCO-08_Kantar","1114","ISCO-08_ILO","1114",1,
"ISCO-08_Kantar","1120","ISCO-08_ILO","1120",1,
"ISCO-08_Kantar","1211","ISCO-08_ILO","1211",1,
"ISCO-08_Kantar","1212","ISCO-08_ILO","1212",1,
"ISCO-08_Kantar","1213","ISCO-08_ILO","1213",1,
"ISCO-08_Kantar","1219","ISCO-08_ILO","1219",1,
"ISCO-08_Kantar","1221","ISCO-08_ILO","1221",1,
"ISCO-08_Kantar","1222","ISCO-08_ILO","1222",1,
"ISCO-08_Kantar","1223","ISCO-08_ILO","1223",1,
"ISCO-08_Kantar","1311","ISCO-08_ILO","1311",1,
"ISCO-08_Kantar","1312","ISCO-08_ILO","1312",1,
"ISCO-08_Kantar","1321","ISCO-08_ILO","1321",1,
"ISCO-08_Kantar","1322","ISCO-08_ILO","1322",1,
"ISCO-08_Kantar","1323","ISCO-08_ILO","1323",1,
"ISCO-08_Kantar","1324","ISCO-08_ILO","1324",1,
"ISCO-08_Kantar","1330","ISCO-08_ILO","1330",1,
"ISCO-08_Kantar","1341","ISCO-08_ILO","1341",1,
"ISCO-08_Kantar","1342","ISCO-08_ILO","1342",1,
"ISCO-08_Kantar","1343","ISCO-08_ILO","1343",1,
"ISCO-08_Kantar","1344","ISCO-08_ILO","1344",1,
"ISCO-08_Kantar","1345","ISCO-08_ILO","1345",1,
"ISCO-08_Kantar","1346","ISCO-08_ILO","1346",1,
"ISCO-08_Kantar","1349","ISCO-08_ILO","1349",1,
"ISCO-08_Kantar","1411","ISCO-08_ILO","1411",1,
"ISCO-08_Kantar","1412","ISCO-08_ILO","1412",1,
"ISCO-08_Kantar","1420","ISCO-08_ILO","1420",1,
"ISCO-08_Kantar","1431","ISCO-08_ILO","1431",1,
"ISCO-08_Kantar","1439","ISCO-08_ILO","1439",1,
"ISCO-08_Kantar","2111","ISCO-08_ILO","2111",1,
"ISCO-08_Kantar","2112","ISCO-08_ILO","2112",1,
"ISCO-08_Kantar","2113","ISCO-08_ILO","2113",1,
"ISCO-08_Kantar","2114","ISCO-08_ILO","2114",1,
"ISCO-08_Kantar","2120","ISCO-08_ILO","2120",1,
"ISCO-08_Kantar","2131","ISCO-08_ILO","2131",1,
"ISCO-08_Kantar","2132","ISCO-08_ILO","2132",1,
"ISCO-08_Kantar","2133","ISCO-08_ILO","2133",1,
"ISCO-08_Kantar","2141","ISCO-08_ILO","2141",1,
"ISCO-08_Kantar","2142","ISCO-08_ILO","2142",1,
"ISCO-08_Kantar","2143","ISCO-08_ILO","2143",1,
"ISCO-08_Kantar","2144","ISCO-08_ILO","2144",1,
"ISCO-08_Kantar","2145","ISCO-08_ILO","2145",1,
"ISCO-08_Kantar","2146","ISCO-08_ILO","2146",1,
"ISCO-08_Kantar","2149","ISCO-08_ILO","2149",1,
"ISCO-08_Kantar","2151","ISCO-08_ILO","2151",1,
"ISCO-08_Kantar","2152","ISCO-08_ILO","2152",1,
"ISCO-08_Kantar","2153","ISCO-08_ILO","2153",1,
"ISCO-08_Kantar","2161","ISCO-08_ILO","2161",1,
"ISCO-08_Kantar","2162","ISCO-08_ILO","2162",1,
"ISCO-08_Kantar","2163","ISCO-08_ILO","2163",1,
"ISCO-08_Kantar","2164","ISCO-08_ILO","2164",1,
"ISCO-08_Kantar","2165","ISCO-08_ILO","2165",1,
"ISCO-08_Kantar","2166","ISCO-08_ILO","2166",1,
"ISCO-08_Kantar","2211","ISCO-08_ILO","2211",1,
"ISCO-08_Kantar","2212","ISCO-08_ILO","2212",1,
"ISCO-08_Kantar","2221","ISCO-08_ILO","2221",1,
"ISCO-08_Kantar","2222","ISCO-08_ILO","2222",1,
"ISCO-08_Kantar","2230","ISCO-08_ILO","2230",1,
"ISCO-08_Kantar","2240","ISCO-08_ILO","2240",1,
"ISCO-08_Kantar","2250","ISCO-08_ILO","2250",1,
"ISCO-08_Kantar","2261","ISCO-08_ILO","2261",1,
"ISCO-08_Kantar","2262","ISCO-08_ILO","2262",1,
"ISCO-08_Kantar","2263","ISCO-08_ILO","2263",1,
"ISCO-08_Kantar","2264","ISCO-08_ILO","2264",1,
"ISCO-08_Kantar","2265","ISCO-08_ILO","2265",1,
"ISCO-08_Kantar","2266","ISCO-08_ILO","2266",1,
"ISCO-08_Kantar","2267","ISCO-08_ILO","2267",1,
"ISCO-08_Kantar","2269","ISCO-08_ILO","2269",1,
"ISCO-08_Kantar","2310","ISCO-08_ILO","2310",1,
"ISCO-08_Kantar","2320","ISCO-08_ILO","2320",1,
"ISCO-08_Kantar","2330","ISCO-08_ILO","2330",1,
"ISCO-08_Kantar","2341","ISCO-08_ILO","2341",1,
"ISCO-08_Kantar","2342","ISCO-08_ILO","2342",1,
"ISCO-08_Kantar","2351","ISCO-08_ILO","2351",1,
"ISCO-08_Kantar","2352","ISCO-08_ILO","2352",1,
"ISCO-08_Kantar","2353","ISCO-08_ILO","2353",1,
"ISCO-08_Kantar","2354","ISCO-08_ILO","2354",1,
"ISCO-08_Kantar","2355","ISCO-08_ILO","2355",1,
"ISCO-08_Kantar","2356","ISCO-08_ILO","2356",1,
"ISCO-08_Kantar","2359","ISCO-08_ILO","2359",1,
"ISCO-08_Kantar","2411","ISCO-08_ILO","2411",1,
"ISCO-08_Kantar","2412","ISCO-08_ILO","2412",1,
"ISCO-08_Kantar","2413","ISCO-08_ILO","2413",1,
"ISCO-08_Kantar","2421","ISCO-08_ILO","2421",1,
"ISCO-08_Kantar","2422","ISCO-08_ILO","2422",1,
"ISCO-08_Kantar","2423","ISCO-08_ILO","2423",1,
"ISCO-08_Kantar","2424","ISCO-08_ILO","2424",1,
"ISCO-08_Kantar","2431","ISCO-08_ILO","2431",1,
"ISCO-08_Kantar","2432","ISCO-08_ILO","2432",1,
"ISCO-08_Kantar","2433","ISCO-08_ILO","2433",1,
"ISCO-08_Kantar","2434","ISCO-08_ILO","2434",1,
"ISCO-08_Kantar","2511","ISCO-08_ILO","2511",1,
"ISCO-08_Kantar","2512","ISCO-08_ILO","2512",1,
"ISCO-08_Kantar","2513","ISCO-08_ILO","2513",1,
"ISCO-08_Kantar","2514","ISCO-08_ILO","2514",1,
"ISCO-08_Kantar","2519","ISCO-08_ILO","2519",1,
"ISCO-08_Kantar","2521","ISCO-08_ILO","2521",1,
"ISCO-08_Kantar","2522","ISCO-08_ILO","2522",1,
"ISCO-08_Kantar","2523","ISCO-08_ILO","2523",1,
"ISCO-08_Kantar","2529","ISCO-08_ILO","2529",1,
"ISCO-08_Kantar","2611","ISCO-08_ILO","2611",1,
"ISCO-08_Kantar","2612","ISCO-08_ILO","2612",1,
"ISCO-08_Kantar","2619","ISCO-08_ILO","2619",1,
"ISCO-08_Kantar","2621","ISCO-08_ILO","2621",1,
"ISCO-08_Kantar","2622","ISCO-08_ILO","2622",1,
"ISCO-08_Kantar","2631","ISCO-08_ILO","2631",1,
"ISCO-08_Kantar","2632","ISCO-08_ILO","2632",1,
"ISCO-08_Kantar","2633","ISCO-08_ILO","2633",1,
"ISCO-08_Kantar","2634","ISCO-08_ILO","2634",1,
"ISCO-08_Kantar","2635","ISCO-08_ILO","2635",1,
"ISCO-08_Kantar","2636","ISCO-08_ILO","2636",1,
"ISCO-08_Kantar","2641","ISCO-08_ILO","2641",1,
"ISCO-08_Kantar","2642","ISCO-08_ILO","2642",1,
"ISCO-08_Kantar","2643","ISCO-08_ILO","2643",1,
"ISCO-08_Kantar","2651","ISCO-08_ILO","2651",1,
"ISCO-08_Kantar","2652","ISCO-08_ILO","2652",1,
"ISCO-08_Kantar","2653","ISCO-08_ILO","2653",1,
"ISCO-08_Kantar","2654","ISCO-08_ILO","2654",1,
"ISCO-08_Kantar","2655","ISCO-08_ILO","2655",1,
"ISCO-08_Kantar","2656","ISCO-08_ILO","2656",1,
"ISCO-08_Kantar","2659","ISCO-08_ILO","2659",1,
"ISCO-08_Kantar","3111","ISCO-08_ILO","3111",1,
"ISCO-08_Kantar","3112","ISCO-08_ILO","3112",1,
"ISCO-08_Kantar","3113","ISCO-08_ILO","3113",1,
"ISCO-08_Kantar","3114","ISCO-08_ILO","3114",1,
"ISCO-08_Kantar","3115","ISCO-08_ILO","3115",1,
"ISCO-08_Kantar","3116","ISCO-08_ILO","3116",1,
"ISCO-08_Kantar","3117","ISCO-08_ILO","3117",1,
"ISCO-08_Kantar","3118","ISCO-08_ILO","3118",1,
"ISCO-08_Kantar","3119","ISCO-08_ILO","3119",1,
"ISCO-08_Kantar","3121","ISCO-08_ILO","3121",1,
"ISCO-08_Kantar","3122","ISCO-08_ILO","3122",1,
"ISCO-08_Kantar","3123","ISCO-08_ILO","3123",1,
"ISCO-08_Kantar","3131","ISCO-08_ILO","3131",1,
"ISCO-08_Kantar","3132","ISCO-08_ILO","3132",1,
"ISCO-08_Kantar","3133","ISCO-08_ILO","3133",1,
"ISCO-08_Kantar","3134","ISCO-08_ILO","3134",1,
"ISCO-08_Kantar","3135","ISCO-08_ILO","3135",1,
"ISCO-08_Kantar","3139","ISCO-08_ILO","3139",1,
"ISCO-08_Kantar","3141","ISCO-08_ILO","3141",1,
"ISCO-08_Kantar","3142","ISCO-08_ILO","3142",1,
"ISCO-08_Kantar","3143","ISCO-08_ILO","3143",1,
"ISCO-08_Kantar","3151","ISCO-08_ILO","3151",1,
"ISCO-08_Kantar","3152","ISCO-08_ILO","3152",1,
"ISCO-08_Kantar","3153","ISCO-08_ILO","3153",1,
"ISCO-08_Kantar","3154","ISCO-08_ILO","3154",1,
"ISCO-08_Kantar","3155","ISCO-08_ILO","3155",1,
"ISCO-08_Kantar","3211","ISCO-08_ILO","3211",1,
"ISCO-08_Kantar","3212","ISCO-08_ILO","3212",1,
"ISCO-08_Kantar","3213","ISCO-08_ILO","3213",1,
"ISCO-08_Kantar","3214","ISCO-08_ILO","3214",1,
"ISCO-08_Kantar","3221","ISCO-08_ILO","3221",1,
"ISCO-08_Kantar","3222","ISCO-08_ILO","3222",1,
"ISCO-08_Kantar","3230","ISCO-08_ILO","3230",1,
"ISCO-08_Kantar","3240","ISCO-08_ILO","3240",1,
"ISCO-08_Kantar","3251","ISCO-08_ILO","3251",1,
"ISCO-08_Kantar","3252","ISCO-08_ILO","3252",1,
"ISCO-08_Kantar","3253","ISCO-08_ILO","3253",1,
"ISCO-08_Kantar","3254","ISCO-08_ILO","3254",1,
"ISCO-08_Kantar","3255","ISCO-08_ILO","3255",1,
"ISCO-08_Kantar","3256","ISCO-08_ILO","3256",1,
"ISCO-08_Kantar","3257","ISCO-08_ILO","3257",1,
"ISCO-08_Kantar","3258","ISCO-08_ILO","3258",1,
"ISCO-08_Kantar","3259","ISCO-08_ILO","3259",1,
"ISCO-08_Kantar","3311","ISCO-08_ILO","3311",1,
"ISCO-08_Kantar","3312","ISCO-08_ILO","3312",1,
"ISCO-08_Kantar","3313","ISCO-08_ILO","3313",1,
"ISCO-08_Kantar","3314","ISCO-08_ILO","3314",1,
"ISCO-08_Kantar","3315","ISCO-08_ILO","3315",1,
"ISCO-08_Kantar","3321","ISCO-08_ILO","3321",1,
"ISCO-08_Kantar","3322","ISCO-08_ILO","3322",1,
"ISCO-08_Kantar","3323","ISCO-08_ILO","3323",1,
"ISCO-08_Kantar","3324","ISCO-08_ILO","3324",1,
"ISCO-08_Kantar","3331","ISCO-08_ILO","3331",1,
"ISCO-08_Kantar","3332","ISCO-08_ILO","3332",1,
"ISCO-08_Kantar","3333","ISCO-08_ILO","3333",1,
"ISCO-08_Kantar","3334","ISCO-08_ILO","3334",1,
"ISCO-08_Kantar","3339","ISCO-08_ILO","3339",1,
"ISCO-08_Kantar","3341","ISCO-08_ILO","3341",1,
"ISCO-08_Kantar","3342","ISCO-08_ILO","3342",1,
"ISCO-08_Kantar","3343","ISCO-08_ILO","3343",1,
"ISCO-08_Kantar","3344","ISCO-08_ILO","3344",1,
"ISCO-08_Kantar","3351","ISCO-08_ILO","3351",1,
"ISCO-08_Kantar","3352","ISCO-08_ILO","3352",1,
"ISCO-08_Kantar","3353","ISCO-08_ILO","3353",1,
"ISCO-08_Kantar","3354","ISCO-08_ILO","3354",1,
"ISCO-08_Kantar","3355","ISCO-08_ILO","3355",1,
"ISCO-08_Kantar","3359","ISCO-08_ILO","3359",1,
"ISCO-08_Kantar","3411","ISCO-08_ILO","3411",1,
"ISCO-08_Kantar","3412","ISCO-08_ILO","3412",1,
"ISCO-08_Kantar","3413","ISCO-08_ILO","3413",1,
"ISCO-08_Kantar","3421","ISCO-08_ILO","3421",1,
"ISCO-08_Kantar","3422","ISCO-08_ILO","3422",1,
"ISCO-08_Kantar","3423","ISCO-08_ILO","3423",1,
"ISCO-08_Kantar","3431","ISCO-08_ILO","3431",1,
"ISCO-08_Kantar","3432","ISCO-08_ILO","3432",1,
"ISCO-08_Kantar","3433","ISCO-08_ILO","3433",1,
"ISCO-08_Kantar","3434","ISCO-08_ILO","3434",1,
"ISCO-08_Kantar","3435","ISCO-08_ILO","3435",1,
"ISCO-08_Kantar","3511","ISCO-08_ILO","3511",1,
"ISCO-08_Kantar","3512","ISCO-08_ILO","3512",1,
"ISCO-08_Kantar","3513","ISCO-08_ILO","3513",1,
"ISCO-08_Kantar","3514","ISCO-08_ILO","3514",1,
"ISCO-08_Kantar","3521","ISCO-08_ILO","3521",1,
"ISCO-08_Kantar","3522","ISCO-08_ILO","3522",1,
"ISCO-08_Kantar","4110","ISCO-08_ILO","4110",1,
"ISCO-08_Kantar","4120","ISCO-08_ILO","4120",1,
"ISCO-08_Kantar","4131","ISCO-08_ILO","4131",1,
"ISCO-08_Kantar","4132","ISCO-08_ILO","4132",1,
"ISCO-08_Kantar","4211","ISCO-08_ILO","4211",1,
"ISCO-08_Kantar","4212","ISCO-08_ILO","4212",1,
"ISCO-08_Kantar","4213","ISCO-08_ILO","4213",1,
"ISCO-08_Kantar","4214","ISCO-08_ILO","4214",1,
"ISCO-08_Kantar","4221","ISCO-08_ILO","4221",1,
"ISCO-08_Kantar","4222","ISCO-08_ILO","4222",1,
"ISCO-08_Kantar","4223","ISCO-08_ILO","4223",1,
"ISCO-08_Kantar","4224","ISCO-08_ILO","4224",1,
"ISCO-08_Kantar","4225","ISCO-08_ILO","4225",1,
"ISCO-08_Kantar","4226","ISCO-08_ILO","4226",1,
"ISCO-08_Kantar","4227","ISCO-08_ILO","4227",1,
"ISCO-08_Kantar","4229","ISCO-08_ILO","4229",1,
"ISCO-08_Kantar","4311","ISCO-08_ILO","4311",1,
"ISCO-08_Kantar","4312","ISCO-08_ILO","4312",1,
"ISCO-08_Kantar","4313","ISCO-08_ILO","4313",1,
"ISCO-08_Kantar","4321","ISCO-08_ILO","4321",1,
"ISCO-08_Kantar","4322","ISCO-08_ILO","4322",1,
"ISCO-08_Kantar","4323","ISCO-08_ILO","4323",1,
"ISCO-08_Kantar","4411","ISCO-08_ILO","4411",1,
"ISCO-08_Kantar","4412","ISCO-08_ILO","4412",1,
"ISCO-08_Kantar","4413","ISCO-08_ILO","4413",1,
"ISCO-08_Kantar","4414","ISCO-08_ILO","4414",1,
"ISCO-08_Kantar","4415","ISCO-08_ILO","4415",1,
"ISCO-08_Kantar","4416","ISCO-08_ILO","4416",1,
"ISCO-08_Kantar","4419","ISCO-08_ILO","4419",1,
"ISCO-08_Kantar","5111","ISCO-08_ILO","5111",1,
"ISCO-08_Kantar","5112","ISCO-08_ILO","5112",1,
"ISCO-08_Kantar","5113","ISCO-08_ILO","5113",1,
"ISCO-08_Kantar","5120","ISCO-08_ILO","5120",1,
"ISCO-08_Kantar","5131","ISCO-08_ILO","5131",1,
"ISCO-08_Kantar","5132","ISCO-08_ILO","5132",1,
"ISCO-08_Kantar","5141","ISCO-08_ILO","5141",1,
"ISCO-08_Kantar","5142","ISCO-08_ILO","5142",1,
"ISCO-08_Kantar","5151","ISCO-08_ILO","5151",1,
"ISCO-08_Kantar","5152","ISCO-08_ILO","5152",1,
"ISCO-08_Kantar","5153","ISCO-08_ILO","5153",1,
"ISCO-08_Kantar","5161","ISCO-08_ILO","5161",1,
"ISCO-08_Kantar","5162","ISCO-08_ILO","5162",1,
"ISCO-08_Kantar","5163","ISCO-08_ILO","5163",1,
"ISCO-08_Kantar","5164","ISCO-08_ILO","5164",1,
"ISCO-08_Kantar","5165","ISCO-08_ILO","5165",1,
"ISCO-08_Kantar","5169","ISCO-08_ILO","5169",1,
"ISCO-08_Kantar","5211","ISCO-08_ILO","5211",1,
"ISCO-08_Kantar","5212","ISCO-08_ILO","5212",1,
"ISCO-08_Kantar","5221","ISCO-08_ILO","5221",1,
"ISCO-08_Kantar","5222","ISCO-08_ILO","5222",1,
"ISCO-08_Kantar","5223","ISCO-08_ILO","5223",1,
"ISCO-08_Kantar","5230","ISCO-08_ILO","5230",1,
"ISCO-08_Kantar","5241","ISCO-08_ILO","5241",1,
"ISCO-08_Kantar","5242","ISCO-08_ILO","5242",1,
"ISCO-08_Kantar","5243","ISCO-08_ILO","5243",1,
"ISCO-08_Kantar","5244","ISCO-08_ILO","5244",1,
"ISCO-08_Kantar","5245","ISCO-08_ILO","5245",1,
"ISCO-08_Kantar","5246","ISCO-08_ILO","5246",1,
"ISCO-08_Kantar","5249","ISCO-08_ILO","5249",1,
"ISCO-08_Kantar","5311","ISCO-08_ILO","5311",1,
"ISCO-08_Kantar","5312","ISCO-08_ILO","5312",1,
"ISCO-08_Kantar","5321","ISCO-08_ILO","5321",1,
"ISCO-08_Kantar","5322","ISCO-08_ILO","5322",1,
"ISCO-08_Kantar","5329","ISCO-08_ILO","5329",1,
"ISCO-08_Kantar","5411","ISCO-08_ILO","5411",1,
"ISCO-08_Kantar","5412","ISCO-08_ILO","5412",1,
"ISCO-08_Kantar","5413","ISCO-08_ILO","5413",1,
"ISCO-08_Kantar","5414","ISCO-08_ILO","5414",1,
"ISCO-08_Kantar","5419","ISCO-08_ILO","5419",1,
"ISCO-08_Kantar","6111","ISCO-08_ILO","6111",1,
"ISCO-08_Kantar","6112","ISCO-08_ILO","6112",1,
"ISCO-08_Kantar","6113","ISCO-08_ILO","6113",1,
"ISCO-08_Kantar","6114","ISCO-08_ILO","6114",1,
"ISCO-08_Kantar","6121","ISCO-08_ILO","6121",1,
"ISCO-08_Kantar","6122","ISCO-08_ILO","6122",1,
"ISCO-08_Kantar","6123","ISCO-08_ILO","6123",1,
"ISCO-08_Kantar","6129","ISCO-08_ILO","6129",1,
"ISCO-08_Kantar","6130","ISCO-08_ILO","6130",1,
"ISCO-08_Kantar","6210","ISCO-08_ILO","6210",1,
"ISCO-08_Kantar","6221","ISCO-08_ILO","6221",1,
"ISCO-08_Kantar","6222","ISCO-08_ILO","6222",1,
"ISCO-08_Kantar","6223","ISCO-08_ILO","6223",1,
"ISCO-08_Kantar","6224","ISCO-08_ILO","6224",1,
"ISCO-08_Kantar","6310","ISCO-08_ILO","6310",1,
"ISCO-08_Kantar","6320","ISCO-08_ILO","6320",1,
"ISCO-08_Kantar","6330","ISCO-08_ILO","6330",1,
"ISCO-08_Kantar","6340","ISCO-08_ILO","6340",1,
"ISCO-08_Kantar","7111","ISCO-08_ILO","7111",1,
"ISCO-08_Kantar","7112","ISCO-08_ILO","7112",1,
"ISCO-08_Kantar","7113","ISCO-08_ILO","7113",1,
"ISCO-08_Kantar","7114","ISCO-08_ILO","7114",1,
"ISCO-08_Kantar","7115","ISCO-08_ILO","7115",1,
"ISCO-08_Kantar","7119","ISCO-08_ILO","7119",1,
"ISCO-08_Kantar","7121","ISCO-08_ILO","7121",1,
"ISCO-08_Kantar","7122","ISCO-08_ILO","7122",1,
"ISCO-08_Kantar","7123","ISCO-08_ILO","7123",1,
"ISCO-08_Kantar","7124","ISCO-08_ILO","7124",1,
"ISCO-08_Kantar","7125","ISCO-08_ILO","7125",1,
"ISCO-08_Kantar","7126","ISCO-08_ILO","7126",1,
"ISCO-08_Kantar","7127","ISCO-08_ILO","7127",1,
"ISCO-08_Kantar","7131","ISCO-08_ILO","7131",1,
"ISCO-08_Kantar","7132","ISCO-08_ILO","7132",1,
"ISCO-08_Kantar","7133","ISCO-08_ILO","7133",1,
"ISCO-08_Kantar","7211","ISCO-08_ILO","7211",1,
"ISCO-08_Kantar","7212","ISCO-08_ILO","7212",1,
"ISCO-08_Kantar","7213","ISCO-08_ILO","7213",1,
"ISCO-08_Kantar","7214","ISCO-08_ILO","7214",1,
"ISCO-08_Kantar","7215","ISCO-08_ILO","7215",1,
"ISCO-08_Kantar","7221","ISCO-08_ILO","7221",1,
"ISCO-08_Kantar","7222","ISCO-08_ILO","7222",1,
"ISCO-08_Kantar","7223","ISCO-08_ILO","7223",1,
"ISCO-08_Kantar","7224","ISCO-08_ILO","7224",1,
"ISCO-08_Kantar","7231","ISCO-08_ILO","7231",1,
"ISCO-08_Kantar","7232","ISCO-08_ILO","7232",1,
"ISCO-08_Kantar","7233","ISCO-08_ILO","7233",1,
"ISCO-08_Kantar","7234","ISCO-08_ILO","7234",1,
"ISCO-08_Kantar","7311","ISCO-08_ILO","7311",1,
"ISCO-08_Kantar","7312","ISCO-08_ILO","7312",1,
"ISCO-08_Kantar","7313","ISCO-08_ILO","7313",1,
"ISCO-08_Kantar","7314","ISCO-08_ILO","7314",1,
"ISCO-08_Kantar","7315","ISCO-08_ILO","7315",1,
"ISCO-08_Kantar","7316","ISCO-08_ILO","7316",1,
"ISCO-08_Kantar","7317","ISCO-08_ILO","7317",1,
"ISCO-08_Kantar","7318","ISCO-08_ILO","7318",1,
"ISCO-08_Kantar","7319","ISCO-08_ILO","7319",1,
"ISCO-08_Kantar","7321","ISCO-08_ILO","7321",1,
"ISCO-08_Kantar","7322","ISCO-08_ILO","7322",1,
"ISCO-08_Kantar","7323","ISCO-08_ILO","7323",1,
"ISCO-08_Kantar","7411","ISCO-08_ILO","7411",1,
"ISCO-08_Kantar","7412","ISCO-08_ILO","7412",1,
"ISCO-08_Kantar","7413","ISCO-08_ILO","7413",1,
"ISCO-08_Kantar","7421","ISCO-08_ILO","7421",1,
"ISCO-08_Kantar","7422","ISCO-08_ILO","7422",1,
"ISCO-08_Kantar","7511","ISCO-08_ILO","7511",1,
"ISCO-08_Kantar","7512","ISCO-08_ILO","7512",1,
"ISCO-08_Kantar","7513","ISCO-08_ILO","7513",1,
"ISCO-08_Kantar","7514","ISCO-08_ILO","7514",1,
"ISCO-08_Kantar","7515","ISCO-08_ILO","7515",1,
"ISCO-08_Kantar","7516","ISCO-08_ILO","7516",1,
"ISCO-08_Kantar","7521","ISCO-08_ILO","7521",1,
"ISCO-08_Kantar","7522","ISCO-08_ILO","7522",1,
"ISCO-08_Kantar","7523","ISCO-08_ILO","7523",1,
"ISCO-08_Kantar","7531","ISCO-08_ILO","7531",1,
"ISCO-08_Kantar","7532","ISCO-08_ILO","7532",1,
"ISCO-08_Kantar","7533","ISCO-08_ILO","7533",1,
"ISCO-08_Kantar","7534","ISCO-08_ILO","7534",1,
"ISCO-08_Kantar","7535","ISCO-08_ILO","7535",1,
"ISCO-08_Kantar","7536","ISCO-08_ILO","7536",1,
"ISCO-08_Kantar","7541","ISCO-08_ILO","7541",1,
"ISCO-08_Kantar","7542","ISCO-08_ILO","7542",1,
"ISCO-08_Kantar","7543","ISCO-08_ILO","7543",1,
"ISCO-08_Kantar","7544","ISCO-08_ILO","7544",1,
"ISCO-08_Kantar","7549","ISCO-08_ILO","7549",1,
"ISCO-08_Kantar","8111","ISCO-08_ILO","8111",1,
"ISCO-08_Kantar","8112","ISCO-08_ILO","8112",1,
"ISCO-08_Kantar","8113","ISCO-08_ILO","8113",1,
"ISCO-08_Kantar","8114","ISCO-08_ILO","8114",1,
"ISCO-08_Kantar","8121","ISCO-08_ILO","8121",1,
"ISCO-08_Kantar","8122","ISCO-08_ILO","8122",1,
"ISCO-08_Kantar","8131","ISCO-08_ILO","8131",1,
"ISCO-08_Kantar","8132","ISCO-08_ILO","8132",1,
"ISCO-08_Kantar","8141","ISCO-08_ILO","8141",1,
"ISCO-08_Kantar","8142","ISCO-08_ILO","8142",1,
"ISCO-08_Kantar","8143","ISCO-08_ILO","8143",1,
"ISCO-08_Kantar","8151","ISCO-08_ILO","8151",1,
"ISCO-08_Kantar","8152","ISCO-08_ILO","8152",1,
"ISCO-08_Kantar","8153","ISCO-08_ILO","8153",1,
"ISCO-08_Kantar","8154","ISCO-08_ILO","8154",1,
"ISCO-08_Kantar","8155","ISCO-08_ILO","8155",1,
"ISCO-08_Kantar","8156","ISCO-08_ILO","8156",1,
"ISCO-08_Kantar","8157","ISCO-08_ILO","8157",1,
"ISCO-08_Kantar","8159","ISCO-08_ILO","8159",1,
"ISCO-08_Kantar","8160","ISCO-08_ILO","8160",1,
"ISCO-08_Kantar","8171","ISCO-08_ILO","8171",1,
"ISCO-08_Kantar","8172","ISCO-08_ILO","8172",1,
"ISCO-08_Kantar","8181","ISCO-08_ILO","8181",1,
"ISCO-08_Kantar","8182","ISCO-08_ILO","8182",1,
"ISCO-08_Kantar","8183","ISCO-08_ILO","8183",1,
"ISCO-08_Kantar","8189","ISCO-08_ILO","8189",1,
"ISCO-08_Kantar","8211","ISCO-08_ILO","8211",1,
"ISCO-08_Kantar","8212","ISCO-08_ILO","8212",1,
"ISCO-08_Kantar","8219","ISCO-08_ILO","8219",1,
"ISCO-08_Kantar","8311","ISCO-08_ILO","8311",1,
"ISCO-08_Kantar","8312","ISCO-08_ILO","8312",1,
"ISCO-08_Kantar","8321","ISCO-08_ILO","8321",1,
"ISCO-08_Kantar","8322","ISCO-08_ILO","8322",1,
"ISCO-08_Kantar","8331","ISCO-08_ILO","8331",1,
"ISCO-08_Kantar","8332","ISCO-08_ILO","8332",1,
"ISCO-08_Kantar","8341","ISCO-08_ILO","8341",1,
"ISCO-08_Kantar","8342","ISCO-08_ILO","8342",1,
"ISCO-08_Kantar","8343","ISCO-08_ILO","8343",1,
"ISCO-08_Kantar","8344","ISCO-08_ILO","8344",1,
"ISCO-08_Kantar","8350","ISCO-08_ILO","8350",1,
"ISCO-08_Kantar","9111","ISCO-08_ILO","9111",1,
"ISCO-08_Kantar","9112","ISCO-08_ILO","9112",1,
"ISCO-08_Kantar","9121","ISCO-08_ILO","9121",1,
"ISCO-08_Kantar","9122","ISCO-08_ILO","9122",1,
"ISCO-08_Kantar","9123","ISCO-08_ILO","9123",1,
"ISCO-08_Kantar","9129","ISCO-08_ILO","9129",1,
"ISCO-08_Kantar","9211","ISCO-08_ILO","9211",1,
"ISCO-08_Kantar","9212","ISCO-08_ILO","9212",1,
"ISCO-08_Kantar","9213","ISCO-08_ILO","9213",1,
"ISCO-08_Kantar","9214","ISCO-08_ILO","9214",1,
"ISCO-08_Kantar","9215","ISCO-08_ILO","9215",1,
"ISCO-08_Kantar","9216","ISCO-08_ILO","9216",1,
"ISCO-08_Kantar","9311","ISCO-08_ILO","9311",1,
"ISCO-08_Kantar","9312","ISCO-08_ILO","9312",1,
"ISCO-08_Kantar","9313","ISCO-08_ILO","9313",1,
"ISCO-08_Kantar","9321","ISCO-08_ILO","9321",1,
"ISCO-08_Kantar","9329","ISCO-08_ILO","9329",1,
"ISCO-08_Kantar","9331","ISCO-08_ILO","9331",1,
"ISCO-08_Kantar","9332","ISCO-08_ILO","9332",1,
"ISCO-08_Kantar","9333","ISCO-08_ILO","9333",1,
"ISCO-08_Kantar","9334","ISCO-08_ILO","9334",1,
"ISCO-08_Kantar","9411","ISCO-08_ILO","9411",1,
"ISCO-08_Kantar","9412","ISCO-08_ILO","9412",1,
"ISCO-08_Kantar","9510","ISCO-08_ILO","9510",1,
"ISCO-08_Kantar","9520","ISCO-08_ILO","9520",1,
"ISCO-08_Kantar","9611","ISCO-08_ILO","9611",1,
"ISCO-08_Kantar","9612","ISCO-08_ILO","9612",1,
"ISCO-08_Kantar","9613","ISCO-08_ILO","9613",1,
"ISCO-08_Kantar","9621","ISCO-08_ILO","9621",1,
"ISCO-08_Kantar","9622","ISCO-08_ILO","9622",1,
"ISCO-08_Kantar","9623","ISCO-08_ILO","9623",1,
"ISCO-08_Kantar","9624","ISCO-08_ILO","9624",1,
"ISCO-08_Kantar","9629","ISCO-08_ILO","9629",1,
