sourceConceptScheme,sourceConcept,targetConceptScheme,targetConcept,prob,comment
ISCO-88_Ganzeboom,110,ISEI,56,1,The targetConcept of sourceConcept 110 „[armed forces]“ is copied from sourceConcept 3452 „[armed forces non-commissioned officers + army nfs]“. In the original crosswalk from Ganzeboom sourceConcept „(0)110 armed forces“ is a dead end regarding to further derivations.
ISCO-88_Ganzeboom,1000,ISEI,55,1,
ISCO-88_Ganzeboom,1100,ISEI,70,1,
ISCO-88_Ganzeboom,1110,ISEI,77,1,
ISCO-88_Ganzeboom,1120,ISEI,77,1,
ISCO-88_Ganzeboom,1130,ISEI,66,1,
ISCO-88_Ganzeboom,1140,ISEI,58,1,
ISCO-88_Ganzeboom,1141,ISEI,58,1,
ISCO-88_Ganzeboom,1142,ISEI,58,1,
ISCO-88_Ganzeboom,1143,ISEI,58,1,
ISCO-88_Ganzeboom,1200,ISEI,68,1,
ISCO-88_Ganzeboom,1210,ISEI,70,1,
ISCO-88_Ganzeboom,1220,ISEI,67,1,
ISCO-88_Ganzeboom,1221,ISEI,67,1,
ISCO-88_Ganzeboom,1222,ISEI,67,1,
ISCO-88_Ganzeboom,1223,ISEI,67,1,
ISCO-88_Ganzeboom,1224,ISEI,59,1,
ISCO-88_Ganzeboom,1225,ISEI,59,1,
ISCO-88_Ganzeboom,1226,ISEI,59,1,
ISCO-88_Ganzeboom,1227,ISEI,87,1,
ISCO-88_Ganzeboom,1228,ISEI,59,1,
ISCO-88_Ganzeboom,1229,ISEI,67,1,
ISCO-88_Ganzeboom,1230,ISEI,61,1,
ISCO-88_Ganzeboom,1231,ISEI,69,1,
ISCO-88_Ganzeboom,1232,ISEI,69,1,
ISCO-88_Ganzeboom,1233,ISEI,56,1,
ISCO-88_Ganzeboom,1234,ISEI,69,1,
ISCO-88_Ganzeboom,1235,ISEI,69,1,
ISCO-88_Ganzeboom,1236,ISEI,69,1,
ISCO-88_Ganzeboom,1237,ISEI,69,1,
ISCO-88_Ganzeboom,1239,ISEI,69,1,
ISCO-88_Ganzeboom,1240,ISEI,58,1,
ISCO-88_Ganzeboom,1250,ISEI,64,1,
ISCO-88_Ganzeboom,1251,ISEI,70,1,
ISCO-88_Ganzeboom,1252,ISEI,60,1,
ISCO-88_Ganzeboom,1300,ISEI,51,1,
ISCO-88_Ganzeboom,1310,ISEI,51,1,
ISCO-88_Ganzeboom,1311,ISEI,43,1,
ISCO-88_Ganzeboom,1312,ISEI,56,1,
ISCO-88_Ganzeboom,1313,ISEI,51,1,
ISCO-88_Ganzeboom,1314,ISEI,49,1,
ISCO-88_Ganzeboom,1315,ISEI,44,1,
ISCO-88_Ganzeboom,1316,ISEI,51,1,
ISCO-88_Ganzeboom,1317,ISEI,51,1,
ISCO-88_Ganzeboom,1318,ISEI,51,1,
ISCO-88_Ganzeboom,1319,ISEI,51,1,
ISCO-88_Ganzeboom,2000,ISEI,70,1,
ISCO-88_Ganzeboom,2100,ISEI,69,1,
ISCO-88_Ganzeboom,2110,ISEI,74,1,
ISCO-88_Ganzeboom,2111,ISEI,74,1,
ISCO-88_Ganzeboom,2112,ISEI,74,1,
ISCO-88_Ganzeboom,2113,ISEI,74,1,
ISCO-88_Ganzeboom,2114,ISEI,74,1,
ISCO-88_Ganzeboom,2120,ISEI,71,1,
ISCO-88_Ganzeboom,2121,ISEI,71,1,
ISCO-88_Ganzeboom,2122,ISEI,71,1,
ISCO-88_Ganzeboom,2130,ISEI,71,1,
ISCO-88_Ganzeboom,2131,ISEI,71,1,
ISCO-88_Ganzeboom,2132,ISEI,71,1,
ISCO-88_Ganzeboom,2139,ISEI,71,1,
ISCO-88_Ganzeboom,2140,ISEI,73,1,
ISCO-88_Ganzeboom,2141,ISEI,69,1,
ISCO-88_Ganzeboom,2142,ISEI,69,1,
ISCO-88_Ganzeboom,2143,ISEI,68,1,
ISCO-88_Ganzeboom,2144,ISEI,68,1,
ISCO-88_Ganzeboom,2145,ISEI,67,1,
ISCO-88_Ganzeboom,2146,ISEI,71,1,
ISCO-88_Ganzeboom,2147,ISEI,67,1,
ISCO-88_Ganzeboom,2148,ISEI,56,1,
ISCO-88_Ganzeboom,2149,ISEI,69,1,
ISCO-88_Ganzeboom,2200,ISEI,80,1,
ISCO-88_Ganzeboom,2210,ISEI,78,1,
ISCO-88_Ganzeboom,2211,ISEI,77,1,
ISCO-88_Ganzeboom,2212,ISEI,77,1,
ISCO-88_Ganzeboom,2213,ISEI,79,1,
ISCO-88_Ganzeboom,2220,ISEI,85,1,
ISCO-88_Ganzeboom,2221,ISEI,88,1,
ISCO-88_Ganzeboom,2222,ISEI,85,1,
ISCO-88_Ganzeboom,2223,ISEI,83,1,
ISCO-88_Ganzeboom,2224,ISEI,74,1,
ISCO-88_Ganzeboom,2229,ISEI,85,1,
ISCO-88_Ganzeboom,2230,ISEI,43,1,
ISCO-88_Ganzeboom,2300,ISEI,69,1,
ISCO-88_Ganzeboom,2310,ISEI,77,1,
ISCO-88_Ganzeboom,2320,ISEI,69,1,
ISCO-88_Ganzeboom,2321,ISEI,70,1,
ISCO-88_Ganzeboom,2322,ISEI,66,1,
ISCO-88_Ganzeboom,2330,ISEI,66,1,
ISCO-88_Ganzeboom,2331,ISEI,66,1,
ISCO-88_Ganzeboom,2332,ISEI,43,1,
ISCO-88_Ganzeboom,2340,ISEI,66,1,
ISCO-88_Ganzeboom,2350,ISEI,66,1,
ISCO-88_Ganzeboom,2351,ISEI,70,1,
ISCO-88_Ganzeboom,2352,ISEI,70,1,
ISCO-88_Ganzeboom,2359,ISEI,65,1,
ISCO-88_Ganzeboom,2400,ISEI,68,1,
ISCO-88_Ganzeboom,2410,ISEI,69,1,
ISCO-88_Ganzeboom,2411,ISEI,69,1,
ISCO-88_Ganzeboom,2412,ISEI,69,1,
ISCO-88_Ganzeboom,2419,ISEI,69,1,
ISCO-88_Ganzeboom,2420,ISEI,85,1,
ISCO-88_Ganzeboom,2421,ISEI,85,1,
ISCO-88_Ganzeboom,2422,ISEI,90,1,
ISCO-88_Ganzeboom,2429,ISEI,82,1,
ISCO-88_Ganzeboom,2430,ISEI,65,1,
ISCO-88_Ganzeboom,2431,ISEI,65,1,
ISCO-88_Ganzeboom,2432,ISEI,65,1,
ISCO-88_Ganzeboom,2440,ISEI,65,1,
ISCO-88_Ganzeboom,2441,ISEI,78,1,
ISCO-88_Ganzeboom,2442,ISEI,71,1,
ISCO-88_Ganzeboom,2443,ISEI,71,1,
ISCO-88_Ganzeboom,2444,ISEI,65,1,
ISCO-88_Ganzeboom,2445,ISEI,71,1,
ISCO-88_Ganzeboom,2446,ISEI,51,1,
ISCO-88_Ganzeboom,2450,ISEI,61,1,
ISCO-88_Ganzeboom,2451,ISEI,65,1,
ISCO-88_Ganzeboom,2452,ISEI,54,1,
ISCO-88_Ganzeboom,2453,ISEI,64,1,
ISCO-88_Ganzeboom,2454,ISEI,64,1,
ISCO-88_Ganzeboom,2455,ISEI,64,1,
ISCO-88_Ganzeboom,2460,ISEI,53,1,
ISCO-88_Ganzeboom,3000,ISEI,54,1,
ISCO-88_Ganzeboom,3100,ISEI,50,1,
ISCO-88_Ganzeboom,3110,ISEI,49,1,
ISCO-88_Ganzeboom,3111,ISEI,45,1,
ISCO-88_Ganzeboom,3112,ISEI,45,1,
ISCO-88_Ganzeboom,3113,ISEI,46,1,
ISCO-88_Ganzeboom,3114,ISEI,46,1,
ISCO-88_Ganzeboom,3115,ISEI,54,1,
ISCO-88_Ganzeboom,3116,ISEI,54,1,
ISCO-88_Ganzeboom,3117,ISEI,54,1,
ISCO-88_Ganzeboom,3118,ISEI,51,1,
ISCO-88_Ganzeboom,3119,ISEI,53,1,
ISCO-88_Ganzeboom,3120,ISEI,52,1,
ISCO-88_Ganzeboom,3121,ISEI,52,1,
ISCO-88_Ganzeboom,3122,ISEI,52,1,
ISCO-88_Ganzeboom,3123,ISEI,52,1,
ISCO-88_Ganzeboom,3130,ISEI,52,1,
ISCO-88_Ganzeboom,3131,ISEI,48,1,
ISCO-88_Ganzeboom,3132,ISEI,57,1,
ISCO-88_Ganzeboom,3133,ISEI,57,1,
ISCO-88_Ganzeboom,3139,ISEI,52,1,
ISCO-88_Ganzeboom,3140,ISEI,57,1,
ISCO-88_Ganzeboom,3141,ISEI,52,1,
ISCO-88_Ganzeboom,3142,ISEI,52,1,
ISCO-88_Ganzeboom,3143,ISEI,69,1,
ISCO-88_Ganzeboom,3144,ISEI,69,1,
ISCO-88_Ganzeboom,3145,ISEI,50,1,
ISCO-88_Ganzeboom,3150,ISEI,50,1,
ISCO-88_Ganzeboom,3151,ISEI,50,1,
ISCO-88_Ganzeboom,3152,ISEI,50,1,
ISCO-88_Ganzeboom,3200,ISEI,48,1,
ISCO-88_Ganzeboom,3210,ISEI,50,1,
ISCO-88_Ganzeboom,3211,ISEI,50,1,
ISCO-88_Ganzeboom,3212,ISEI,50,1,
ISCO-88_Ganzeboom,3213,ISEI,50,1,
ISCO-88_Ganzeboom,3220,ISEI,55,1,
ISCO-88_Ganzeboom,3221,ISEI,51,1,
ISCO-88_Ganzeboom,3222,ISEI,51,1,
ISCO-88_Ganzeboom,3223,ISEI,51,1,
ISCO-88_Ganzeboom,3224,ISEI,60,1,
ISCO-88_Ganzeboom,3225,ISEI,51,1,
ISCO-88_Ganzeboom,3226,ISEI,60,1,
ISCO-88_Ganzeboom,3227,ISEI,51,1,
ISCO-88_Ganzeboom,3228,ISEI,51,1,
ISCO-88_Ganzeboom,3229,ISEI,51,1,
ISCO-88_Ganzeboom,3230,ISEI,38,1,
ISCO-88_Ganzeboom,3231,ISEI,38,1,
ISCO-88_Ganzeboom,3232,ISEI,38,1,
ISCO-88_Ganzeboom,3240,ISEI,49,1,
ISCO-88_Ganzeboom,3241,ISEI,51,1,
ISCO-88_Ganzeboom,3242,ISEI,38,1,
ISCO-88_Ganzeboom,3300,ISEI,38,1,
ISCO-88_Ganzeboom,3310,ISEI,38,1,
ISCO-88_Ganzeboom,3320,ISEI,38,1,
ISCO-88_Ganzeboom,3330,ISEI,38,1,
ISCO-88_Ganzeboom,3340,ISEI,38,1,
ISCO-88_Ganzeboom,3400,ISEI,55,1,
ISCO-88_Ganzeboom,3410,ISEI,55,1,
ISCO-88_Ganzeboom,3411,ISEI,61,1,
ISCO-88_Ganzeboom,3412,ISEI,54,1,
ISCO-88_Ganzeboom,3413,ISEI,59,1,
ISCO-88_Ganzeboom,3414,ISEI,56,1,
ISCO-88_Ganzeboom,3415,ISEI,56,1,
ISCO-88_Ganzeboom,3416,ISEI,50,1,
ISCO-88_Ganzeboom,3417,ISEI,56,1,
ISCO-88_Ganzeboom,3419,ISEI,55,1,
ISCO-88_Ganzeboom,3420,ISEI,55,1,
ISCO-88_Ganzeboom,3421,ISEI,55,1,
ISCO-88_Ganzeboom,3422,ISEI,55,1,
ISCO-88_Ganzeboom,3423,ISEI,55,1,
ISCO-88_Ganzeboom,3429,ISEI,55,1,
ISCO-88_Ganzeboom,3430,ISEI,54,1,
ISCO-88_Ganzeboom,3431,ISEI,54,1,
ISCO-88_Ganzeboom,3432,ISEI,59,1,
ISCO-88_Ganzeboom,3433,ISEI,51,1,
ISCO-88_Ganzeboom,3434,ISEI,61,1,
ISCO-88_Ganzeboom,3439,ISEI,54,1,
ISCO-88_Ganzeboom,3440,ISEI,56,1,
ISCO-88_Ganzeboom,3441,ISEI,56,1,
ISCO-88_Ganzeboom,3442,ISEI,57,1,
ISCO-88_Ganzeboom,3443,ISEI,56,1,
ISCO-88_Ganzeboom,3444,ISEI,46,1,
ISCO-88_Ganzeboom,3449,ISEI,56,1,
ISCO-88_Ganzeboom,3450,ISEI,56,1,
ISCO-88_Ganzeboom,3451,ISEI,55,1,
ISCO-88_Ganzeboom,3452,ISEI,56,1,
ISCO-88_Ganzeboom,3460,ISEI,43,1,
ISCO-88_Ganzeboom,3470,ISEI,52,1,
ISCO-88_Ganzeboom,3471,ISEI,53,1,
ISCO-88_Ganzeboom,3472,ISEI,64,1,
ISCO-88_Ganzeboom,3473,ISEI,50,1,
ISCO-88_Ganzeboom,3474,ISEI,50,1,
ISCO-88_Ganzeboom,3475,ISEI,54,1,
ISCO-88_Ganzeboom,3480,ISEI,38,1,
ISCO-88_Ganzeboom,4000,ISEI,45,1,
ISCO-88_Ganzeboom,4100,ISEI,45,1,
ISCO-88_Ganzeboom,4110,ISEI,51,1,
ISCO-88_Ganzeboom,4111,ISEI,51,1,
ISCO-88_Ganzeboom,4112,ISEI,50,1,
ISCO-88_Ganzeboom,4113,ISEI,50,1,
ISCO-88_Ganzeboom,4114,ISEI,51,1,
ISCO-88_Ganzeboom,4115,ISEI,53,1,
ISCO-88_Ganzeboom,4120,ISEI,51,1,
ISCO-88_Ganzeboom,4121,ISEI,51,1,
ISCO-88_Ganzeboom,4122,ISEI,51,1,
ISCO-88_Ganzeboom,4130,ISEI,36,1,
ISCO-88_Ganzeboom,4131,ISEI,32,1,
ISCO-88_Ganzeboom,4132,ISEI,43,1,
ISCO-88_Ganzeboom,4133,ISEI,45,1,
ISCO-88_Ganzeboom,4140,ISEI,39,1,
ISCO-88_Ganzeboom,4141,ISEI,39,1,
ISCO-88_Ganzeboom,4142,ISEI,39,1,
ISCO-88_Ganzeboom,4143,ISEI,39,1,
ISCO-88_Ganzeboom,4144,ISEI,39,1,
ISCO-88_Ganzeboom,4190,ISEI,39,1,
ISCO-88_Ganzeboom,4200,ISEI,49,1,
ISCO-88_Ganzeboom,4210,ISEI,48,1,
ISCO-88_Ganzeboom,4211,ISEI,53,1,
ISCO-88_Ganzeboom,4212,ISEI,46,1,
ISCO-88_Ganzeboom,4213,ISEI,40,1,
ISCO-88_Ganzeboom,4214,ISEI,40,1,
ISCO-88_Ganzeboom,4215,ISEI,40,1,
ISCO-88_Ganzeboom,4220,ISEI,52,1,
ISCO-88_Ganzeboom,4221,ISEI,52,1,
ISCO-88_Ganzeboom,4222,ISEI,52,1,
ISCO-88_Ganzeboom,4223,ISEI,52,1,
ISCO-88_Ganzeboom,5000,ISEI,40,1,
ISCO-88_Ganzeboom,5100,ISEI,38,1,
ISCO-88_Ganzeboom,5110,ISEI,34,1,
ISCO-88_Ganzeboom,5111,ISEI,34,1,
ISCO-88_Ganzeboom,5112,ISEI,34,1,
ISCO-88_Ganzeboom,5113,ISEI,34,1,
ISCO-88_Ganzeboom,5120,ISEI,32,1,
ISCO-88_Ganzeboom,5121,ISEI,30,1,
ISCO-88_Ganzeboom,5122,ISEI,30,1,
ISCO-88_Ganzeboom,5123,ISEI,34,1,
ISCO-88_Ganzeboom,5130,ISEI,25,1,
ISCO-88_Ganzeboom,5131,ISEI,25,1,
ISCO-88_Ganzeboom,5132,ISEI,25,1,
ISCO-88_Ganzeboom,5133,ISEI,25,1,
ISCO-88_Ganzeboom,5139,ISEI,25,1,
ISCO-88_Ganzeboom,5140,ISEI,30,1,
ISCO-88_Ganzeboom,5141,ISEI,29,1,
ISCO-88_Ganzeboom,5142,ISEI,19,1,
ISCO-88_Ganzeboom,5143,ISEI,54,1,
ISCO-88_Ganzeboom,5149,ISEI,19,1,
ISCO-88_Ganzeboom,5150,ISEI,43,1,
ISCO-88_Ganzeboom,5151,ISEI,43,1,
ISCO-88_Ganzeboom,5152,ISEI,43,1,
ISCO-88_Ganzeboom,5160,ISEI,47,1,
ISCO-88_Ganzeboom,5161,ISEI,42,1,
ISCO-88_Ganzeboom,5162,ISEI,50,1,
ISCO-88_Ganzeboom,5163,ISEI,40,1,
ISCO-88_Ganzeboom,5164,ISEI,40,1,
ISCO-88_Ganzeboom,5169,ISEI,40,1,
ISCO-88_Ganzeboom,5200,ISEI,43,1,
ISCO-88_Ganzeboom,5210,ISEI,43,1,
ISCO-88_Ganzeboom,5220,ISEI,43,1,
ISCO-88_Ganzeboom,5230,ISEI,37,1,
ISCO-88_Ganzeboom,6000,ISEI,23,1,
ISCO-88_Ganzeboom,6100,ISEI,23,1,
ISCO-88_Ganzeboom,6110,ISEI,23,1,
ISCO-88_Ganzeboom,6111,ISEI,23,1,
ISCO-88_Ganzeboom,6112,ISEI,23,1,
ISCO-88_Ganzeboom,6113,ISEI,23,1,
ISCO-88_Ganzeboom,6114,ISEI,23,1,
ISCO-88_Ganzeboom,6120,ISEI,23,1,
ISCO-88_Ganzeboom,6121,ISEI,23,1,
ISCO-88_Ganzeboom,6122,ISEI,23,1,
ISCO-88_Ganzeboom,6123,ISEI,23,1,
ISCO-88_Ganzeboom,6124,ISEI,23,1,
ISCO-88_Ganzeboom,6129,ISEI,23,1,
ISCO-88_Ganzeboom,6130,ISEI,23,1,
ISCO-88_Ganzeboom,6131,ISEI,23,1,
ISCO-88_Ganzeboom,6132,ISEI,27,1,
ISCO-88_Ganzeboom,6133,ISEI,28,1,
ISCO-88_Ganzeboom,6134,ISEI,28,1,
ISCO-88_Ganzeboom,6140,ISEI,22,1,
ISCO-88_Ganzeboom,6141,ISEI,22,1,
ISCO-88_Ganzeboom,6142,ISEI,22,1,
ISCO-88_Ganzeboom,6150,ISEI,28,1,
ISCO-88_Ganzeboom,6151,ISEI,28,1,
ISCO-88_Ganzeboom,6152,ISEI,28,1,
ISCO-88_Ganzeboom,6153,ISEI,28,1,
ISCO-88_Ganzeboom,6154,ISEI,28,1,
ISCO-88_Ganzeboom,6200,ISEI,16,1,
ISCO-88_Ganzeboom,6210,ISEI,16,1,
ISCO-88_Ganzeboom,7000,ISEI,34,1,
ISCO-88_Ganzeboom,7100,ISEI,31,1,
ISCO-88_Ganzeboom,7110,ISEI,30,1,
ISCO-88_Ganzeboom,7111,ISEI,30,1,
ISCO-88_Ganzeboom,7112,ISEI,30,1,
ISCO-88_Ganzeboom,7113,ISEI,27,1,
ISCO-88_Ganzeboom,7120,ISEI,30,1,
ISCO-88_Ganzeboom,7121,ISEI,29,1,
ISCO-88_Ganzeboom,7122,ISEI,29,1,
ISCO-88_Ganzeboom,7123,ISEI,26,1,
ISCO-88_Ganzeboom,7124,ISEI,29,1,
ISCO-88_Ganzeboom,7129,ISEI,30,1,
ISCO-88_Ganzeboom,7130,ISEI,34,1,
ISCO-88_Ganzeboom,7131,ISEI,19,1,
ISCO-88_Ganzeboom,7132,ISEI,30,1,
ISCO-88_Ganzeboom,7133,ISEI,31,1,
ISCO-88_Ganzeboom,7134,ISEI,34,1,
ISCO-88_Ganzeboom,7135,ISEI,26,1,
ISCO-88_Ganzeboom,7136,ISEI,33,1,
ISCO-88_Ganzeboom,7137,ISEI,37,1,
ISCO-88_Ganzeboom,7140,ISEI,29,1,
ISCO-88_Ganzeboom,7141,ISEI,29,1,
ISCO-88_Ganzeboom,7142,ISEI,32,1,
ISCO-88_Ganzeboom,7143,ISEI,29,1,
ISCO-88_Ganzeboom,7200,ISEI,34,1,
ISCO-88_Ganzeboom,7210,ISEI,31,1,
ISCO-88_Ganzeboom,7211,ISEI,29,1,
ISCO-88_Ganzeboom,7212,ISEI,30,1,
ISCO-88_Ganzeboom,7213,ISEI,33,1,
ISCO-88_Ganzeboom,7214,ISEI,30,1,
ISCO-88_Ganzeboom,7215,ISEI,30,1,
ISCO-88_Ganzeboom,7216,ISEI,30,1,
ISCO-88_Ganzeboom,7220,ISEI,35,1,
ISCO-88_Ganzeboom,7221,ISEI,33,1,
ISCO-88_Ganzeboom,7222,ISEI,40,1,
ISCO-88_Ganzeboom,7223,ISEI,34,1,
ISCO-88_Ganzeboom,7224,ISEI,24,1,
ISCO-88_Ganzeboom,7230,ISEI,34,1,
ISCO-88_Ganzeboom,7231,ISEI,34,1,
ISCO-88_Ganzeboom,7232,ISEI,42,1,
ISCO-88_Ganzeboom,7233,ISEI,33,1,
ISCO-88_Ganzeboom,7234,ISEI,23,1,
ISCO-88_Ganzeboom,7240,ISEI,40,1,
ISCO-88_Ganzeboom,7241,ISEI,40,1,
ISCO-88_Ganzeboom,7242,ISEI,39,1,
ISCO-88_Ganzeboom,7243,ISEI,41,1,
ISCO-88_Ganzeboom,7244,ISEI,40,1,
ISCO-88_Ganzeboom,7245,ISEI,38,1,
ISCO-88_Ganzeboom,7300,ISEI,34,1,
ISCO-88_Ganzeboom,7310,ISEI,38,1,
ISCO-88_Ganzeboom,7311,ISEI,38,1,
ISCO-88_Ganzeboom,7312,ISEI,38,1,
ISCO-88_Ganzeboom,7313,ISEI,38,1,
ISCO-88_Ganzeboom,7320,ISEI,28,1,
ISCO-88_Ganzeboom,7321,ISEI,27,1,
ISCO-88_Ganzeboom,7322,ISEI,29,1,
ISCO-88_Ganzeboom,7323,ISEI,29,1,
ISCO-88_Ganzeboom,7324,ISEI,29,1,
ISCO-88_Ganzeboom,7330,ISEI,29,1,
ISCO-88_Ganzeboom,7331,ISEI,29,1,
ISCO-88_Ganzeboom,7332,ISEI,29,1,
ISCO-88_Ganzeboom,7340,ISEI,40,1,
ISCO-88_Ganzeboom,7341,ISEI,40,1,
ISCO-88_Ganzeboom,7342,ISEI,40,1,
ISCO-88_Ganzeboom,7343,ISEI,42,1,
ISCO-88_Ganzeboom,7344,ISEI,40,1,
ISCO-88_Ganzeboom,7345,ISEI,37,1,
ISCO-88_Ganzeboom,7346,ISEI,38,1,
ISCO-88_Ganzeboom,7400,ISEI,33,1,
ISCO-88_Ganzeboom,7410,ISEI,30,1,
ISCO-88_Ganzeboom,7411,ISEI,30,1,
ISCO-88_Ganzeboom,7412,ISEI,31,1,
ISCO-88_Ganzeboom,7413,ISEI,30,1,
ISCO-88_Ganzeboom,7414,ISEI,30,1,
ISCO-88_Ganzeboom,7415,ISEI,30,1,
ISCO-88_Ganzeboom,7416,ISEI,30,1,
ISCO-88_Ganzeboom,7420,ISEI,33,1,
ISCO-88_Ganzeboom,7421,ISEI,33,1,
ISCO-88_Ganzeboom,7422,ISEI,33,1,
ISCO-88_Ganzeboom,7423,ISEI,33,1,
ISCO-88_Ganzeboom,7424,ISEI,33,1,
ISCO-88_Ganzeboom,7430,ISEI,36,1,
ISCO-88_Ganzeboom,7431,ISEI,29,1,
ISCO-88_Ganzeboom,7432,ISEI,29,1,
ISCO-88_Ganzeboom,7433,ISEI,45,1,
ISCO-88_Ganzeboom,7434,ISEI,36,1,
ISCO-88_Ganzeboom,7435,ISEI,36,1,
ISCO-88_Ganzeboom,7436,ISEI,33,1,
ISCO-88_Ganzeboom,7437,ISEI,28,1,
ISCO-88_Ganzeboom,7440,ISEI,31,1,
ISCO-88_Ganzeboom,7441,ISEI,31,1,
ISCO-88_Ganzeboom,7442,ISEI,31,1,
ISCO-88_Ganzeboom,7500,ISEI,42,1,
ISCO-88_Ganzeboom,7510,ISEI,42,1,
ISCO-88_Ganzeboom,7520,ISEI,39,1,
ISCO-88_Ganzeboom,7530,ISEI,26,1,
ISCO-88_Ganzeboom,8000,ISEI,31,1,
ISCO-88_Ganzeboom,8100,ISEI,30,1,
ISCO-88_Ganzeboom,8110,ISEI,35,1,
ISCO-88_Ganzeboom,8111,ISEI,35,1,
ISCO-88_Ganzeboom,8112,ISEI,35,1,
ISCO-88_Ganzeboom,8113,ISEI,35,1,
ISCO-88_Ganzeboom,8120,ISEI,30,1,
ISCO-88_Ganzeboom,8121,ISEI,31,1,
ISCO-88_Ganzeboom,8122,ISEI,30,1,
ISCO-88_Ganzeboom,8123,ISEI,28,1,
ISCO-88_Ganzeboom,8124,ISEI,30,1,
ISCO-88_Ganzeboom,8130,ISEI,22,1,
ISCO-88_Ganzeboom,8131,ISEI,22,1,
ISCO-88_Ganzeboom,8139,ISEI,22,1,
ISCO-88_Ganzeboom,8140,ISEI,27,1,
ISCO-88_Ganzeboom,8141,ISEI,27,1,
ISCO-88_Ganzeboom,8142,ISEI,27,1,
ISCO-88_Ganzeboom,8143,ISEI,27,1,
ISCO-88_Ganzeboom,8150,ISEI,35,1,
ISCO-88_Ganzeboom,8151,ISEI,35,1,
ISCO-88_Ganzeboom,8152,ISEI,35,1,
ISCO-88_Ganzeboom,8153,ISEI,35,1,
ISCO-88_Ganzeboom,8154,ISEI,35,1,
ISCO-88_Ganzeboom,8155,ISEI,35,1,
ISCO-88_Ganzeboom,8159,ISEI,35,1,
ISCO-88_Ganzeboom,8160,ISEI,32,1,
ISCO-88_Ganzeboom,8161,ISEI,33,1,
ISCO-88_Ganzeboom,8162,ISEI,27,1,
ISCO-88_Ganzeboom,8163,ISEI,33,1,
ISCO-88_Ganzeboom,8170,ISEI,26,1,
ISCO-88_Ganzeboom,8171,ISEI,26,1,
ISCO-88_Ganzeboom,8172,ISEI,26,1,
ISCO-88_Ganzeboom,8200,ISEI,32,1,
ISCO-88_Ganzeboom,8210,ISEI,36,1,
ISCO-88_Ganzeboom,8211,ISEI,36,1,
ISCO-88_Ganzeboom,8212,ISEI,30,1,
ISCO-88_Ganzeboom,8220,ISEI,30,1,
ISCO-88_Ganzeboom,8221,ISEI,30,1,
ISCO-88_Ganzeboom,8222,ISEI,30,1,
ISCO-88_Ganzeboom,8223,ISEI,30,1,
ISCO-88_Ganzeboom,8224,ISEI,30,1,
ISCO-88_Ganzeboom,8229,ISEI,30,1,
ISCO-88_Ganzeboom,8230,ISEI,30,1,
ISCO-88_Ganzeboom,8231,ISEI,30,1,
ISCO-88_Ganzeboom,8232,ISEI,30,1,
ISCO-88_Ganzeboom,8240,ISEI,29,1,
ISCO-88_Ganzeboom,8250,ISEI,38,1,
ISCO-88_Ganzeboom,8251,ISEI,38,1,
ISCO-88_Ganzeboom,8252,ISEI,38,1,
ISCO-88_Ganzeboom,8253,ISEI,38,1,
ISCO-88_Ganzeboom,8260,ISEI,30,1,
ISCO-88_Ganzeboom,8261,ISEI,29,1,
ISCO-88_Ganzeboom,8262,ISEI,29,1,
ISCO-88_Ganzeboom,8263,ISEI,32,1,
ISCO-88_Ganzeboom,8264,ISEI,24,1,
ISCO-88_Ganzeboom,8265,ISEI,32,1,
ISCO-88_Ganzeboom,8266,ISEI,32,1,
ISCO-88_Ganzeboom,8269,ISEI,32,1,
ISCO-88_Ganzeboom,8270,ISEI,29,1,
ISCO-88_Ganzeboom,8271,ISEI,29,1,
ISCO-88_Ganzeboom,8272,ISEI,29,1,
ISCO-88_Ganzeboom,8273,ISEI,29,1,
ISCO-88_Ganzeboom,8274,ISEI,29,1,
ISCO-88_Ganzeboom,8275,ISEI,29,1,
ISCO-88_Ganzeboom,8276,ISEI,29,1,
ISCO-88_Ganzeboom,8277,ISEI,29,1,
ISCO-88_Ganzeboom,8278,ISEI,29,1,
ISCO-88_Ganzeboom,8279,ISEI,29,1,
ISCO-88_Ganzeboom,8280,ISEI,31,1,
ISCO-88_Ganzeboom,8281,ISEI,30,1,
ISCO-88_Ganzeboom,8282,ISEI,34,1,
ISCO-88_Ganzeboom,8283,ISEI,34,1,
ISCO-88_Ganzeboom,8284,ISEI,30,1,
ISCO-88_Ganzeboom,8285,ISEI,30,1,
ISCO-88_Ganzeboom,8286,ISEI,30,1,
ISCO-88_Ganzeboom,8290,ISEI,26,1,
ISCO-88_Ganzeboom,8300,ISEI,32,1,
ISCO-88_Ganzeboom,8310,ISEI,36,1,
ISCO-88_Ganzeboom,8311,ISEI,41,1,
ISCO-88_Ganzeboom,8312,ISEI,32,1,
ISCO-88_Ganzeboom,8320,ISEI,34,1,
ISCO-88_Ganzeboom,8321,ISEI,30,1,
ISCO-88_Ganzeboom,8322,ISEI,30,1,
ISCO-88_Ganzeboom,8323,ISEI,30,1,
ISCO-88_Ganzeboom,8324,ISEI,34,1,
ISCO-88_Ganzeboom,8330,ISEI,26,1,
ISCO-88_Ganzeboom,8331,ISEI,26,1,
ISCO-88_Ganzeboom,8332,ISEI,26,1,
ISCO-88_Ganzeboom,8333,ISEI,28,1,
ISCO-88_Ganzeboom,8334,ISEI,28,1,
ISCO-88_Ganzeboom,8340,ISEI,32,1,
ISCO-88_Ganzeboom,8400,ISEI,24,1,
ISCO-88_Ganzeboom,9000,ISEI,20,1,
ISCO-88_Ganzeboom,9100,ISEI,25,1,
ISCO-88_Ganzeboom,9110,ISEI,29,1,
ISCO-88_Ganzeboom,9111,ISEI,29,1,
ISCO-88_Ganzeboom,9112,ISEI,28,1,
ISCO-88_Ganzeboom,9113,ISEI,29,1,
ISCO-88_Ganzeboom,9120,ISEI,28,1,
ISCO-88_Ganzeboom,9130,ISEI,16,1,
ISCO-88_Ganzeboom,9131,ISEI,16,1,
ISCO-88_Ganzeboom,9132,ISEI,16,1,
ISCO-88_Ganzeboom,9133,ISEI,16,1,
ISCO-88_Ganzeboom,9140,ISEI,23,1,
ISCO-88_Ganzeboom,9141,ISEI,23,1,
ISCO-88_Ganzeboom,9142,ISEI,23,1,
ISCO-88_Ganzeboom,9150,ISEI,27,1,
ISCO-88_Ganzeboom,9151,ISEI,25,1,
ISCO-88_Ganzeboom,9152,ISEI,27,1,
ISCO-88_Ganzeboom,9153,ISEI,27,1,
ISCO-88_Ganzeboom,9160,ISEI,23,1,
ISCO-88_Ganzeboom,9161,ISEI,23,1,
ISCO-88_Ganzeboom,9162,ISEI,23,1,
ISCO-88_Ganzeboom,9200,ISEI,16,1,
ISCO-88_Ganzeboom,9210,ISEI,16,1,
ISCO-88_Ganzeboom,9211,ISEI,16,1,
ISCO-88_Ganzeboom,9212,ISEI,16,1,
ISCO-88_Ganzeboom,9213,ISEI,16,1,
ISCO-88_Ganzeboom,9300,ISEI,23,1,
ISCO-88_Ganzeboom,9310,ISEI,21,1,
ISCO-88_Ganzeboom,9311,ISEI,21,1,
ISCO-88_Ganzeboom,9312,ISEI,21,1,
ISCO-88_Ganzeboom,9313,ISEI,21,1,
ISCO-88_Ganzeboom,9320,ISEI,20,1,
ISCO-88_Ganzeboom,9321,ISEI,20,1,
ISCO-88_Ganzeboom,9322,ISEI,24,1,
ISCO-88_Ganzeboom,9330,ISEI,29,1,
ISCO-88_Ganzeboom,9331,ISEI,22,1,
ISCO-88_Ganzeboom,9332,ISEI,22,1,
ISCO-88_Ganzeboom,9333,ISEI,30,1,
